pv,dv,hard,policy,stand,hit,split,double
4,5,True,SPLIT-HIT-DOUBLE DOWN,-6.2618184499161185,-0.23465559515367176,-0.06381569047624108,-2.089270504836297
4,8,True,SPLIT-HIT-STAND,-6.1170363006401995,-0.4465491709771737,-0.1750177260414871,-18.165393068754593
4,3,True,SPLIT-HIT-STAND,-1.0270919888870196,-0.7323297258157173,-0.3211200815607081,-9.462348366347573
4,7,True,SPLIT-HIT-STAND,-7.370763127618224,-0.5074793784660182,-0.18259226099816156,-14.568120040017382
4,2,True,SPLIT-HIT-DOUBLE DOWN,-7.0762385983779,-0.5803615030742525,-0.2637585073008349,-1.4400644067125672
4,10,True,SPLIT-HIT-STAND,-5.180522973517211,-0.7176112117040444,-0.41624954125326075,-13.105300275709885
4,9,True,SPLIT-HIT-STAND,-10.073333652996611,-0.7575150525781752,-0.16644033078212575,-11.207326849329968
4,11,True,SPLIT-HIT-STAND,-8.464157568768094,-0.9342546866517394,-0.4441624321293414,-15.334693461630662
4,4,True,SPLIT-HIT-STAND,-0.40443588906970385,-0.1701904131198428,-0.02595898601490315,-1.3681848413024893
4,6,True,HIT-SPLIT-DOUBLE DOWN,-6.453844592234107,-0.05565794469275237,-0.06153218041448714,-1.21467113544564
5,7,True,HIT-STAND-DOUBLE DOWN,-3.7027101075025834,-0.6751542327247424,,-11.25280171735735
5,10,True,HIT-STAND-DOUBLE DOWN,-6.296228360621166,-0.8049620629011931,,-10.4448576537929
5,2,True,HIT-STAND-DOUBLE DOWN,-5.052575367213376,-0.533278707808402,,-6.125953209369832
5,8,True,HIT-STAND-DOUBLE DOWN,-2.3677614152624678,-0.5954640501005779,,-16.79301953592118
5,6,True,HIT-STAND-DOUBLE DOWN,-0.6748205644477812,-0.2834523707465274,,-4.005685358527986
5,9,True,HIT-STAND-DOUBLE DOWN,-7.512920860246317,-0.6754904915813659,,-11.95044619679223
5,4,True,HIT-STAND-DOUBLE DOWN,-3.0424052811097932,-0.3938473302194078,,-4.647983786824566
5,11,True,HIT-STAND-DOUBLE DOWN,-8.68896954200827,-1.0098891341770557,,-18.221756515412835
5,3,True,HIT-STAND-DOUBLE DOWN,-4.886370592666541,-0.46553431047925714,,-8.810016149275409
5,5,True,HIT-STAND-DOUBLE DOWN,-2.193891622473339,-0.3639550802937831,,-5.113694955986714
6,3,True,HIT-SPLIT-STAND,-3.9802541011860004,-0.46793302852239727,-0.4937050231178023,-7.165117900541485
6,10,True,SPLIT-HIT-STAND,-5.497486676591121,-0.9285032127641436,-0.47915651157630507,-10.144251364444187
6,9,True,SPLIT-HIT-STAND,-5.514543841566444,-0.8493519640593099,-0.2960253881172684,-10.180870301264523
6,6,True,SPLIT-HIT-STAND,-2.644466952232328,-0.2982603200126055,-0.13309465597736025,-5.398837177645254
6,7,True,SPLIT-HIT-STAND,-4.484015005974981,-0.6967196666127023,-0.21421358118486172,-7.61798317171218
6,5,True,SPLIT-HIT-STAND,-1.7261165172390593,-0.33599832433640675,-0.1296688613626966,-3.6618357523182503
6,8,True,SPLIT-HIT-STAND,-4.799551826603987,-0.8169433484174212,-0.3785785457680809,-14.738597796797595
6,2,True,SPLIT-HIT-STAND,-0.8104382158826092,-0.6239380715682665,-0.31198384727930223,-5.260005386206947
6,11,True,SPLIT-HIT-STAND,-9.072656180708837,-1.1621591235046782,-0.6570411304113397,-16.810146907916725
6,4,True,SPLIT-HIT-DOUBLE DOWN,-2.2777357632150235,-0.43482944815789953,-0.3218999657649971,-1.2337608141877079
7,6,True,HIT-STAND-DOUBLE DOWN,-1.3734171886589415,0.04560502499343686,,-1.7490187821690197
7,8,True,HIT-STAND-DOUBLE DOWN,-6.193360497116602,-0.8085200699815404,,-9.298314067493887
7,5,True,HIT-STAND-DOUBLE DOWN,-2.269114843679719,-0.07352940895716434,,-4.235789012419432
7,10,True,HIT-STAND-DOUBLE DOWN,-6.1062201697576395,-1.1172515968331693,,-11.784859773545605
7,3,True,HIT-DOUBLE DOWN-STAND,-1.6583995303609123,-0.36504784772744475,,-0.5360863984017736
7,11,True,HIT-STAND-DOUBLE DOWN,-6.958962493726178,-1.3256100919246372,,-12.271105021047603
7,4,True,HIT-DOUBLE DOWN-STAND,-3.173827335764754,-0.41055438035368325,,-0.6843851012861358
7,2,True,HIT-STAND-DOUBLE DOWN,-1.0823363088218967,-0.5033258996398224,,-5.344742753449332
7,7,True,HIT-STAND-DOUBLE DOWN,-4.157458858346058,-0.4335643098478177,,-8.921098488884482
7,9,True,HIT-STAND-DOUBLE DOWN,-6.274672413575296,-1.071575990419042,,-13.33012840030459
8,9,True,HIT-SPLIT-STAND,-5.065434008032868,-0.624235622171694,-0.6490177148795242,-7.482970203773606
8,8,True,HIT-SPLIT-STAND,-5.081418362665607,-0.19810223097132387,-0.3046682477703975,-5.6009114782558616
8,3,True,HIT-DOUBLE DOWN-SPLIT,-1.267476412147649,-0.15959374965777204,-0.30804886734657067,-0.2933083151216071
8,6,True,HIT-SPLIT-STAND,-1.6543568333361194,0.38484907011683633,-0.14182978703097152,-1.9832056185478968
8,11,True,SPLIT-HIT-STAND,-8.448527451234046,-1.1934496980578684,-0.7558416401890498,-13.850942699495848
8,2,True,HIT-SPLIT-DOUBLE DOWN,-3.2946648339995757,0.14047025583120581,-0.2678539144429438,-0.9079401566846281
8,5,True,HIT-DOUBLE DOWN-SPLIT,-0.6896193326443748,0.2640175489463165,-0.3084069843498055,-0.00332176816946117
8,10,True,SPLIT-HIT-STAND,-5.727326038080168,-0.9031863221789991,-0.6580857559123314,-11.170058424924637
8,7,True,HIT-DOUBLE DOWN-SPLIT,-3.2339821368514747,0.4891803162045125,-0.1183820111155069,0.24347929885405156
8,4,True,DOUBLE DOWN-HIT-SPLIT,-0.12949397676323843,-0.06400691846358715,-0.06765988968147962,1.2091376864041452
9,10,True,HIT-STAND-DOUBLE DOWN,-5.71904801115543,-0.5587841330198097,,-6.4643954717855285
9,2,True,HIT-DOUBLE DOWN-STAND,-0.35589428757644764,0.4381571247285919,,0.04141378359581552
9,7,True,HIT-DOUBLE DOWN-STAND,-3.0194364911391496,0.7786117263945973,,0.7378338542467442
9,3,True,HIT-DOUBLE DOWN-STAND,-0.9538332400013597,0.38053842503390595,,-0.377922820507897
9,9,True,HIT-STAND-DOUBLE DOWN,-3.5968029126702032,0.023859357232800485,,-4.061283841898773
9,6,True,DOUBLE DOWN-HIT-STAND,0.5739121302142065,0.6807003388785552,,4.26990652841243
9,11,True,HIT-STAND-DOUBLE DOWN,-7.7907646569867,-0.9561116544668892,,-10.543029048630501
9,4,True,DOUBLE DOWN-HIT-STAND,-2.046130379555289,0.373846291595883,,1.7874521210086036
9,8,True,DOUBLE DOWN-HIT-STAND,-3.7051294950615468,0.7075482340774482,,2.455476589267487
9,5,True,DOUBLE DOWN-HIT-STAND,-1.8201671287905996,0.5380072968382857,,5.357440913053832
10,11,True,HIT-SPLIT-DOUBLE DOWN,-8.449528481211122,-0.40884945343036333,-0.992606676517748,-7.619410931872609
10,6,True,DOUBLE DOWN-HIT-STAND,0.32680180064731024,1.2969242419065774,-0.16200154451478235,8.13678728526718
10,10,True,HIT-DOUBLE DOWN-SPLIT,-5.455410281907734,0.22448846289857274,-0.8733972802724848,-0.08318379152536334
10,8,True,DOUBLE DOWN-HIT-SPLIT,-3.9948942350626595,1.02469606736736,-0.4134666089275714,3.2245201492927444
10,4,True,DOUBLE DOWN-HIT-STAND,0.35296351313631286,0.8917925021300186,-0.6546932280835563,5.619033221343934
10,2,True,DOUBLE DOWN-HIT-SPLIT,-1.1792429915494087,1.193833687963398,-0.4382971458426843,4.518033199984431
10,9,True,DOUBLE DOWN-HIT-SPLIT,-3.6461770060113756,0.8900596067422114,-0.7287051403548963,2.4987409304354236
10,5,True,DOUBLE DOWN-HIT-SPLIT,-0.31594699341852917,1.2446461793614014,-0.09540389200886715,6.324764447277294
10,7,True,DOUBLE DOWN-HIT-SPLIT,-3.3128677863093823,1.1914755856310766,-0.650806163831665,4.409600610457996
10,3,True,DOUBLE DOWN-HIT-SPLIT,-2.183481478140798,0.9321496435867966,-0.19526152054232307,5.895037835782092
11,9,True,DOUBLE DOWN-HIT-STAND,-4.584024833446143,0.5939481707152972,,3.4852834607953156
11,2,True,DOUBLE DOWN-HIT-STAND,-0.7390358518307382,1.200339211077575,,5.568070264411247
11,3,True,DOUBLE DOWN-HIT-STAND,-0.5735129547381863,1.1416819200615826,,4.544234114469622
11,7,True,DOUBLE DOWN-HIT-STAND,-4.432343193935477,1.3773238120616875,,5.482930808251443
11,4,True,DOUBLE DOWN-STAND-HIT,1.2312920255134672,1.2242069862312182,,7.10777143419826
11,10,True,DOUBLE DOWN-HIT-STAND,-4.864087488821878,0.5266621792054657,,1.786756956709476
11,5,True,DOUBLE DOWN-HIT-STAND,-0.0220022232779145,1.3700228000988501,,9.040292297885953
11,11,True,HIT-DOUBLE DOWN-STAND,-7.631838178123709,-0.006372566433341157,,-4.342934029541353
11,8,True,DOUBLE DOWN-HIT-STAND,-4.344638329568688,0.9469264914363688,,7.208416418635094
11,6,True,DOUBLE DOWN-HIT-STAND,1.0248829304101588,1.35106131904703,,8.30246915041069
12,8,True,SPLIT-HIT-STAND,-6.570847130265678,-2.8531646537741926,-0.6904912976446985,-15.57015452156154
12,9,True,SPLIT-HIT-STAND,-5.651996774054145,-3.112446409301468,-0.8353622815076,-17.667778755502372
12,10,True,SPLIT-HIT-STAND,-6.5947682614954495,-3.3401219277773424,-1.018440190686212,-18.28563369012369
12,5,True,SPLIT-STAND-HIT,-1.8815139445702525,-2.4825146672462837,-0.4275873219207168,-10.988983285667485
12,5,False,SPLIT-DOUBLE DOWN-HIT,1.2110160980699542,1.2634686555882388,2.37162904710321,1.7240791484307538
12,3,True,SPLIT-STAND-HIT,-3.27505538063412,-3.423224820539534,-0.6857096266458926,-10.335929495544365
12,11,True,SPLIT-HIT-STAND,-8.37251221083858,-3.577452468446881,-1.184841958802221,-19.707892769689444
12,6,True,SPLIT-HIT-STAND,-2.6216109151617495,-2.3124791994490126,-0.30430887328607764,-13.199633123134591
12,2,True,SPLIT-HIT-STAND,-4.463790689625838,-2.6891452167132717,-0.6403945234176283,-12.325796293268628
12,8,False,SPLIT-HIT-STAND,-2.6683036963382487,1.07663364188506,2.024552874778827,-9.344848825724451
12,4,True,SPLIT-HIT-STAND,-2.9484850645821754,-2.7112853720707144,-0.4303057811838699,-10.570715777266587
12,7,True,SPLIT-HIT-STAND,-5.622772095421757,-2.737153235757286,-0.6331431036645507,-13.172230793662454
12,6,False,SPLIT-HIT-DOUBLE DOWN,-1.0494700942847834,1.3357976608110649,2.2133468477764398,1.2564698067339213
12,10,False,SPLIT-HIT-STAND,-5.878038986414305,0.07527564326215452,1.3773748637994423,-12.604629921202159
12,2,False,SPLIT-HIT-STAND,-5.413868676317567,0.9410368959161384,1.8496873181125273,-7.46746454874463
12,11,False,SPLIT-HIT-STAND,-2.1008624779554883,0.2547463578193636,0.9991144250226635,-10.710472622479005
12,4,False,SPLIT-DOUBLE DOWN-HIT,0.02342918214801426,0.5706615107435067,1.8170209559684263,1.3634258561412809
12,3,False,SPLIT-HIT-STAND,-5.219220563721611,0.6033551473250058,2.0440267239475682,-6.897269507905931
12,9,False,SPLIT-HIT-DOUBLE DOWN,-3.930666568547305,0.8027425888558427,1.7625732347965957,-1.0784841604954805
12,7,False,SPLIT-HIT-STAND,-3.151897234628224,0.9304876780604623,2.3810764873976584,-6.970950662929494
13,10,True,HIT-STAND-DOUBLE DOWN,-6.643060216429504,-3.8527931746828608,,-22.4300783568534
13,3,True,STAND-HIT-DOUBLE DOWN,-3.245413689266308,-3.3979609987617114,,-19.45764418612908
13,10,False,HIT-DOUBLE DOWN-STAND,-6.922076518666815,-0.03167816663690512,,-6.413449742839763
13,6,True,STAND-HIT-DOUBLE DOWN,-1.7852454684277694,-3.1577628958941597,,-15.501843355218504
13,4,True,HIT-STAND-DOUBLE DOWN,-3.7182501892309765,-3.354652005478063,,-16.79799017561463
13,6,False,DOUBLE DOWN-HIT-STAND,-0.7860258827331298,0.8223493254927255,,4.52562879811364
13,2,True,HIT-STAND-DOUBLE DOWN,-4.814982710962258,-3.5261262393346517,,-16.360837409020768
13,7,True,HIT-STAND-DOUBLE DOWN,-5.067187685374483,-2.8816905935130293,,-17.08115280603537
13,8,True,HIT-STAND-DOUBLE DOWN,-5.563378187357657,-3.5586579363064113,,-17.740095576359884
13,5,True,STAND-HIT-DOUBLE DOWN,-2.816283875643503,-3.589662610964474,,-16.102407492934326
13,11,False,HIT-DOUBLE DOWN-STAND,-8.329680982994924,-0.3280879390967029,,-6.360655572215145
13,11,True,HIT-STAND-DOUBLE DOWN,-8.532623656836703,-4.408404629943895,,-23.598882174156945
13,9,True,HIT-STAND-DOUBLE DOWN,-5.893329740520095,-3.6231321964362717,,-17.328457472622905
13,8,False,HIT-DOUBLE DOWN-STAND,-3.5958215180656157,0.4778971604484439,,-2.5334043140660047
13,7,False,HIT-DOUBLE DOWN-STAND,-5.259517396403963,0.6272020851209262,,-4.282585966919172
13,4,False,HIT-DOUBLE DOWN-STAND,-2.2169069850916436,0.5175556837548525,,-1.2947115482524065
13,5,False,HIT-STAND-DOUBLE DOWN,0.27641547434041197,0.6095703802907856,,-0.5117586519265047
13,2,False,DOUBLE DOWN-HIT-STAND,-3.2504221007202685,0.3952610009489672,,2.7444346040503365
13,3,False,HIT-DOUBLE DOWN-STAND,-2.943867156974866,0.20762191682066816,,-0.016327324528275067
13,9,False,HIT-DOUBLE DOWN-STAND,-7.447598002061021,0.38111862607737634,,-4.58502521904352
14,2,True,SPLIT-HIT-STAND,-4.299391135272139,-3.987703840792113,-0.5638704396491543,-20.259322943120008
14,7,False,HIT-SPLIT-STAND,-4.194636074169505,0.1872296954884606,0.0,-4.3301564079725985
14,7,True,SPLIT-HIT-STAND,-5.685034186672857,-4.145522775917586,-0.32547765445744,-14.289386268080493
14,10,True,SPLIT-HIT-STAND,-6.789772905695139,-4.73911350294841,-1.0647969848114993,-22.408941139338076
14,9,True,SPLIT-HIT-STAND,-7.156184239977384,-4.5531872715126855,-0.9112713955845556,-21.383867355922025
14,11,True,SPLIT-HIT-STAND,-9.289156890954485,-5.096018489379403,-1.201469009552442,-24.847533211537915
14,5,True,SPLIT-STAND-HIT,-1.8667096884501018,-3.8482223703772696,-0.01551199558404158,-21.426036650953755
14,3,True,SPLIT-STAND-HIT,-3.6700436414233697,-4.10509081973389,-0.40776314013071496,-15.888976285217893
14,10,False,SPLIT-HIT-DOUBLE DOWN,-5.383192078573116,-0.11335921864735013,0.0,-1.42550862786179
14,6,True,SPLIT-STAND-HIT,-2.3683883567837225,-3.760981993589669,-0.06571864681368172,-20.162480674316736
14,4,True,SPLIT-STAND-HIT,-2.882326291838508,-4.179348446214482,-0.25778775272875093,-23.431276233540103
14,8,True,SPLIT-HIT-STAND,-7.250174980987202,-4.242913679338517,-0.7806245082872354,-23.765400328728376
14,8,False,HIT-DOUBLE DOWN-SPLIT,-1.5230766490145125,0.7451869192820483,0.0,0.16669759652709948
14,2,False,HIT-SPLIT-DOUBLE DOWN,-1.6869650761506514,0.2202797368247562,0.0,-0.26207110502717457
14,11,False,SPLIT-HIT-STAND,-5.606739389311954,-0.5472087304563388,0.0,-8.90858579087216
14,6,False,HIT-SPLIT-DOUBLE DOWN,-0.9027211300525053,0.7005643905143158,0.0,-0.08499863739478719
14,5,False,HIT-SPLIT-DOUBLE DOWN,-1.369523009253934,0.7888066793643551,0.0,-1.201439351030443
14,3,False,HIT-SPLIT-DOUBLE DOWN,-4.671128942317359,0.14452299466193722,0.0,-3.1459819453656213
14,4,False,HIT-DOUBLE DOWN-SPLIT,-4.97820881370892,0.6472802996284881,0.0,0.5386124214028507
14,9,False,HIT-SPLIT-STAND,-2.8156300902007847,0.2802826416584321,0.0,-7.121280901750999
15,6,False,HIT-STAND-DOUBLE DOWN,0.7019671639137692,0.8091087264236857,,0.475334859410125
15,6,True,STAND-HIT-DOUBLE DOWN,-2.032575744470784,-4.52379021000371,,-23.815788000351684
15,10,False,HIT-DOUBLE DOWN-STAND,-5.658511075737612,-0.3207418402472573,,-5.0070645958009665
15,8,True,HIT-STAND-DOUBLE DOWN,-5.956435995266383,-4.771310431781366,,-26.27494181460114
15,3,True,STAND-HIT-DOUBLE DOWN,-3.926264465736437,-4.662604773077863,,-25.26513635042902
15,7,True,HIT-STAND-DOUBLE DOWN,-5.558029954824427,-4.579942958081603,,-20.023655153379558
15,10,True,HIT-STAND-DOUBLE DOWN,-6.860413730965048,-5.21802501402369,,-27.113202025506766
15,9,True,HIT-STAND-DOUBLE DOWN,-6.325473663015324,-4.944123231573068,,-26.17549099180418
15,11,True,HIT-STAND-DOUBLE DOWN,-9.057418696459507,-5.636882941931237,,-30.271563587761623
15,2,True,STAND-HIT-DOUBLE DOWN,-3.500152028854393,-4.368219578450149,,-22.05257607745753
15,5,True,STAND-HIT-DOUBLE DOWN,-2.978619920085763,-4.886990559489692,,-23.531495017086204
15,2,False,DOUBLE DOWN-HIT-STAND,-3.736978734301722,0.1353541748815719,,1.7741731454284588
15,4,True,STAND-HIT-DOUBLE DOWN,-3.324121235463888,-5.597730553498332,,-19.919205047422636
15,9,False,HIT-STAND-DOUBLE DOWN,-5.694799528427406,-0.036142787759790664,,-6.925845452960516
15,3,False,HIT-DOUBLE DOWN-STAND,-1.3265356346693649,0.23404576070534958,,-0.1496557641134718
15,7,False,HIT-DOUBLE DOWN-STAND,-6.394617518020489,0.27264963732998043,,-4.917261925247887
15,5,False,DOUBLE DOWN-HIT-STAND,-3.0053023576269458,0.20400453824384573,,4.986888086995665
15,8,False,HIT-DOUBLE DOWN-STAND,-3.73097109009399,0.10266668023820584,,-0.596885683618916
15,11,False,HIT-STAND-DOUBLE DOWN,-9.305439991184185,-0.6600210091735845,,-9.541207635583264
15,4,False,HIT-STAND-DOUBLE DOWN,-4.180728342847312,0.42129917918840737,,-8.613053454079289
16,4,True,SPLIT-STAND-HIT,-3.058945694322133,-5.5834862386384225,0.24086956382967545,-24.542668355054676
16,9,True,SPLIT-HIT-STAND,-7.395271418396877,-5.859012906300561,-0.5507660618854967,-26.986332004146107
16,8,True,SPLIT-HIT-STAND,-6.1440610485076235,-5.4686884881368645,-0.20130426286731906,-26.085514877704107
16,10,True,SPLIT-HIT-STAND,-7.03911905242233,-5.923226662439005,-0.9209757238608284,-28.771409487933095
16,7,True,SPLIT-HIT-STAND,-6.191418828814708,-5.256585287078358,0.37841683434628104,-24.950769796397097
16,11,True,SPLIT-HIT-STAND,-9.631105737908666,-6.277732678595813,-1.150286112313201,-32.63214591348783
16,5,False,DOUBLE DOWN-HIT-SPLIT,-2.3162135324152806,0.742456022762223,0.0,1.211383294097418
16,5,True,SPLIT-STAND-HIT,-2.6266256876904235,-5.315796626767002,0.2678655036851644,-25.84697097254801
16,10,False,SPLIT-HIT-STAND,-5.145684496571739,-0.5800837763561031,0.0,-9.661225591687298
16,3,True,SPLIT-STAND-HIT,-3.2486314582096543,-4.7540462959871705,-0.04669273589605015,-25.586849224151404
16,2,True,SPLIT-STAND-HIT,-3.947931058402231,-6.0895299757316,0.3076568296139376,-29.49277191167982
16,6,True,SPLIT-STAND-HIT,-2.283018692166895,-5.534522248262918,0.2865259499963599,-21.892203845634366
16,2,False,HIT-SPLIT-DOUBLE DOWN,-4.139928556570723,0.05293941746182047,0.0,-1.4718102829291086
16,8,False,SPLIT-HIT-DOUBLE DOWN,-6.447702619368015,-0.19109780863155182,0.0,-0.6202094271997376
16,11,False,SPLIT-HIT-STAND,-6.881086254466542,-0.7112150802140256,0.0,-11.989527421379348
16,6,False,HIT-SPLIT-DOUBLE DOWN,-1.3213930151679079,0.5227709959288138,0.0,-0.2660135263499933
16,3,False,HIT-SPLIT-DOUBLE DOWN,-1.0070635653635125,0.17161685176350272,0.0,-0.09470145397616325
16,7,False,HIT-SPLIT-DOUBLE DOWN,-3.8596313957369803,0.11749385485158223,0.0,-0.10013849275055442
16,9,False,HIT-SPLIT-DOUBLE DOWN,-6.468354882482571,0.009163069940186643,0.0,-5.340087548622764
16,4,False,HIT-SPLIT-DOUBLE DOWN,-2.8019409667373187,0.08411315096166228,0.0,-0.3252529870895272
17,9,True,STAND-HIT-DOUBLE DOWN,-5.712847910950204,-6.3616904366587965,,-31.16315790811134
17,10,False,HIT-STAND-DOUBLE DOWN,-4.972584108983368,-0.637377641428832,,-6.605986077670054
17,10,True,STAND-HIT-DOUBLE DOWN,-6.403607841626977,-6.500234776769088,,-32.997232387641645
17,6,True,STAND-HIT-DOUBLE DOWN,-0.15257592463455386,-5.607549978802314,,-31.980236646838787
17,5,True,STAND-HIT-DOUBLE DOWN,-0.04657501362357527,-5.802581135814988,,-29.210152729359027
17,4,True,STAND-HIT-DOUBLE DOWN,-1.6614368319411787,-6.768011142240598,,-33.67295116787518
17,7,True,STAND-HIT-DOUBLE DOWN,-1.4908558861032508,-6.099982435432316,,-32.282952508670725
17,8,True,STAND-HIT-DOUBLE DOWN,-4.879210837187472,-6.335197706591685,,-30.86185092419381
17,11,True,HIT-STAND-DOUBLE DOWN,-8.40607831263522,-6.625464512356406,,-34.09194771946895
17,2,True,STAND-HIT-DOUBLE DOWN,-2.2486827252546586,-5.558534612904363,,-32.068175631285065
17,3,True,STAND-HIT-DOUBLE DOWN,-1.8723055187857933,-5.9158846052843,,-31.566141682355894
17,6,False,HIT-STAND-DOUBLE DOWN,0.4598513685592599,0.8022843031730627,,0.13205382840495433
17,4,False,HIT-DOUBLE DOWN-STAND,-0.5729440042906326,0.22205468071625697,,-0.1783824800552105
17,5,False,DOUBLE DOWN-HIT-STAND,-0.6014385895900922,0.5744105611005399,,2.5594999929923854
17,2,False,HIT-DOUBLE DOWN-STAND,-1.2632965849807931,0.21336014468920253,,-0.20986531494852229
17,3,False,HIT-DOUBLE DOWN-STAND,-1.3287428657530787,0.39575783559058575,,-0.6269210509728536
17,9,False,HIT-DOUBLE DOWN-STAND,-4.569815628669703,-0.2014385554174575,,-0.6401934696974314
17,8,False,HIT-DOUBLE DOWN-STAND,-2.0896247090767477,-0.31784459868845416,,-0.633489824820347
17,11,False,HIT-DOUBLE DOWN-STAND,-4.181608689357432,-0.927044807887058,,-2.9926825729202515
17,7,False,HIT-DOUBLE DOWN-STAND,-0.19329785047011486,0.25492317296709954,,0.06356227942071019
18,7,True,STAND-SPLIT-HIT,5.596372745182979,-7.10189810768283,0.948972719022757,-37.80133441752355
18,4,True,STAND-SPLIT-HIT,3.068913366739101,-7.31323296597906,0.5111063238459435,-33.4262607946788
18,8,True,STAND-SPLIT-HIT,1.5880201776206815,-6.89216069022947,-0.0819510039176749,-33.67557781296699
18,6,True,STAND-SPLIT-HIT,3.300149840004657,-6.627974319218446,0.8707061074584976,-37.33516701257093
18,3,False,STAND-DOUBLE DOWN-HIT,2.11933782959174,0.16224055003326868,0.0,1.445105899105561
18,3,True,STAND-SPLIT-HIT,1.5015264757339668,-7.127033618312127,0.046150056887863375,-36.426098829398086
18,10,True,SPLIT-STAND-HIT,-3.0152284682578396,-7.366404082976019,-0.6435937514463005,-35.78159154905835
18,10,False,SPLIT-HIT-STAND,-2.1495969925028415,-0.5557435315904627,0.0,-2.8904620325134047
18,11,True,SPLIT-STAND-HIT,-5.187676232017502,-7.0499025740314245,-0.9313756199959133,-34.58402858702262
18,9,True,SPLIT-STAND-HIT,-2.1296776339891124,-7.361741168086771,0.12539220112192093,-36.16058682755456
18,2,True,STAND-SPLIT-HIT,3.137101962738486,-7.14487760177466,0.19130528573398828,-35.53712216636204
18,11,False,SPLIT-HIT-STAND,-2.9426547481412095,-0.9395074781090079,0.0,-10.4875452500753
18,6,False,STAND-HIT-SPLIT,4.410883411093424,0.6002462819772405,0.0,-0.3327202644686698
18,9,False,SPLIT-HIT-STAND,-0.9684695525378544,-0.1638385276470002,0.0,-4.705480845925685
18,5,True,STAND-SPLIT-HIT,3.195027113224953,-6.874587749688571,0.4604566837948577,-32.70256653628423
18,7,False,STAND-HIT-SPLIT,3.850844125686713,0.7265093092701461,0.0,-0.5027536927353572
18,4,False,STAND-DOUBLE DOWN-HIT,1.6538827251667183,0.7535957492990825,0.0,1.5284376918623481
18,5,False,STAND-DOUBLE DOWN-HIT,2.6450750260607045,0.9239303449941434,0.0,2.604492285123467
18,8,False,STAND-HIT-SPLIT,1.3322439927381864,0.3899971854554074,0.0,-1.9043314719545466
18,2,False,DOUBLE DOWN-STAND-HIT,2.402442152648107,0.42899746192904215,0.0,3.665514011179433
19,2,True,STAND-HIT-DOUBLE DOWN,5.482309847200296,-8.155274141701602,,-40.85821078403845
19,10,True,STAND-HIT-DOUBLE DOWN,0.1563030942114486,-7.8923673530397815,,-39.73158253700641
19,9,True,STAND-HIT-DOUBLE DOWN,4.331324847805195,-7.530399299097467,,-39.43733070683994
19,7,True,STAND-HIT-DOUBLE DOWN,8.653086155592446,-7.812998418089975,,-40.58051101019087
19,5,False,STAND-DOUBLE DOWN-HIT,7.698672159373033,0.9551194348537082,,2.7241515303930592
19,5,True,STAND-HIT-DOUBLE DOWN,6.032046292124073,-7.923817786604328,,-41.77625054836974
19,11,True,STAND-HIT-DOUBLE DOWN,-1.7690446071270263,-8.51969461792584,,-39.260206851655965
19,8,False,STAND-DOUBLE DOWN-HIT,9.687759583834655,0.5393098955393089,,1.60455824614235
19,3,True,STAND-HIT-DOUBLE DOWN,5.578529555924405,-7.915819746716008,,-41.05846550210433
19,4,True,STAND-HIT-DOUBLE DOWN,5.455881628540047,-8.083539652787799,,-42.47140941286931
19,11,False,HIT-STAND-DOUBLE DOWN,-2.7528479749846655,-0.5667038403105594,,-10.701459423143744
19,8,True,STAND-HIT-DOUBLE DOWN,9.208108808841851,-7.848643800966072,,-38.21026080312505
19,6,False,STAND-DOUBLE DOWN-HIT,8.594378430954638,1.1409585967618503,,8.153252464745643
19,6,True,STAND-HIT-DOUBLE DOWN,6.908715253279658,-7.438407597097954,,-36.030029902082845
19,3,False,STAND-HIT-DOUBLE DOWN,5.105277509819234,0.8951861096395849,,-1.1292300400115807
19,10,False,HIT-STAND-DOUBLE DOWN,-0.35296158274847045,-0.3028759364621022,,-3.202347469960623
19,7,False,STAND-DOUBLE DOWN-HIT,8.283595681928784,1.25266970815052,,3.4943623932924393
19,9,False,STAND-HIT-DOUBLE DOWN,5.596757349785229,0.2827241606174485,,0.0333145010663326
19,4,False,STAND-HIT-DOUBLE DOWN,5.765600522357004,0.7004991103279236,,-0.48809885568949984
19,2,False,STAND-DOUBLE DOWN-HIT,5.518535936956055,1.3123333167731273,,5.016602498016726
20,4,False,STAND-DOUBLE DOWN-HIT,9.927754844506048,1.2358832379558051,0.0,8.230710819607676
20,4,True,STAND-SPLIT-HIT,9.304827779964603,-8.248629287781549,1.0349998489424894,-44.14834964926019
20,7,True,STAND-SPLIT-HIT,10.847247788329685,-8.958867789231451,1.505472243703108,-43.53233727975471
20,3,True,STAND-SPLIT-HIT,9.249016262386712,-8.941278701324242,1.276289325691852,-45.52171014697149
20,10,True,STAND-SPLIT-HIT,6.311298571441796,-8.993735853070472,0.021690395706184553,-43.54314574397041
20,8,False,STAND-DOUBLE DOWN-HIT,11.220868452886272,0.8710489365931641,0.0,2.4055199696973695
20,11,True,STAND-SPLIT-HIT,1.8167176344738554,-9.051986014795116,-0.14454947395595447,-44.92716780103793
20,8,True,STAND-SPLIT-HIT,10.909521182901242,-8.920248933685196,0.5282814298636265,-45.86468388673473
20,5,True,STAND-SPLIT-HIT,9.600212910076493,-8.866683496340238,1.1048704276000545,-41.49442841946565
20,2,True,STAND-SPLIT-HIT,8.763812814375369,-8.90257205700539,1.2770324192570885,-44.98752288389876
20,10,False,STAND-HIT-SPLIT,6.261089439665412,0.20226319163130485,0.0,-3.464635897767134
20,6,True,STAND-SPLIT-HIT,9.934753157893553,-8.880999206083485,1.2251934625638448,-44.0228496208204
20,5,False,STAND-DOUBLE DOWN-HIT,9.896801244271787,1.1303875100650025,0.0,6.408948799574574
20,9,False,STAND-HIT-DOUBLE DOWN,11.019285097893247,0.5367073834958805,0.0,0.004133848246691496
20,2,False,STAND-DOUBLE DOWN-HIT,10.608666189445435,1.2173395188828464,0.0,9.755829132502852
20,9,True,STAND-SPLIT-HIT,10.978315570812612,-8.707001435532149,0.39496674976690577,-43.494975230015136
20,6,False,STAND-DOUBLE DOWN-HIT,10.036185636943795,1.0572013278628025,0.0,8.407834965863717
20,3,False,STAND-DOUBLE DOWN-HIT,8.465592425035688,0.6780100951594248,0.0,5.857302091808941
20,11,False,STAND-SPLIT-HIT,2.151795772135074,-0.15744140795647518,0.0,-10.170615553635908
20,7,False,STAND-DOUBLE DOWN-HIT,11.554962006980084,1.1295425178093061,0.0,5.338418748002856
21,7,True,STAND-DOUBLE DOWN-HIT,12.753784741631401,0.0,,0.0
21,5,False,STAND-DOUBLE DOWN-HIT,14.846429611269524,0.0,,0.0
21,6,True,STAND-DOUBLE DOWN-HIT,12.422145960106114,0.0,,0.0
21,10,True,STAND-DOUBLE DOWN-HIT,12.337768208277103,0.0,,0.0
21,5,True,STAND-DOUBLE DOWN-HIT,12.667102967383661,0.0,,0.0
21,3,True,STAND-DOUBLE DOWN-HIT,12.080369873442539,0.0,,0.0
21,11,True,STAND-DOUBLE DOWN-HIT,8.882224315177144,0.0,,0.0
21,8,False,STAND-DOUBLE DOWN-HIT,15.239670155620395,0.0,,0.0
21,2,True,STAND-DOUBLE DOWN-HIT,12.407012098748845,0.0,,0.0
21,10,False,STAND-DOUBLE DOWN-HIT,13.941011961425092,0.0,,0.0
21,4,False,STAND-DOUBLE DOWN-HIT,14.692532014316122,0.0,,0.0
21,8,True,STAND-DOUBLE DOWN-HIT,12.871798171180256,0.0,,0.0
21,4,True,STAND-DOUBLE DOWN-HIT,12.835764863970121,0.0,,0.0
21,9,False,STAND-DOUBLE DOWN-HIT,14.948329485946783,0.0,,0.0
21,9,True,STAND-DOUBLE DOWN-HIT,13.381759579670428,0.0,,0.0
21,3,False,STAND-DOUBLE DOWN-HIT,15.395116757546996,0.0,,0.0
21,2,False,STAND-DOUBLE DOWN-HIT,14.843057191577728,0.0,,0.0
21,11,False,STAND-DOUBLE DOWN-HIT,10.513143277546362,0.0,,0.0
21,7,False,STAND-DOUBLE DOWN-HIT,14.83368473254529,0.0,,0.0
21,6,False,STAND-DOUBLE DOWN-HIT,15.648872653963087,0.0,,0.0
